51c3637b97c3e69de4b03a3a,180Energy_X33CarbsLemonLimeCitrusBlast,fiber,0.0,protein,0.0,fat,0.0,calories,10.0,carbohydrate,3.0,
5522a599b4e7ef126780ab91,365EverydayValue_FatFreeMilkVitaminAD,fiber,0.0,protein,8.0,fat,0.0,calories,90.0,carbohydrate,13.0,
53a2fae6ef83cc7d1c432b55,365EverydayValue_FetaCheese,fiber,0.0,protein,5.0,fat,4.0,calories,60.0,carbohydrate,1.0,
51d2fb1fcc9bff111580da4e,7Up_Soda,fiber,0.0,protein,0.0,fat,0.0,calories,140.0,carbohydrate,39.0,
51c3ed5497c3e6de73cbb136,AMPM_CandyGummiWorms,fiber,0.0,protein,4.0,fat,0.0,calories,190.0,carbohydrate,46.0,
557e337bf53555070a95d302,AcmeBread_SourBaguette,fiber,0.0,protein,4.0,fat,0.0,calories,120.0,carbohydrate,26.0,
5489b898cd11d26e3dc6ea0a,AlFresco_ChickenSausageBurgersHotItalianStyle,fiber,0.0,protein,17.0,fat,8.0,calories,150.0,carbohydrate,2.0,
51c4011697c3e6dfa4df3b6f,AmericasChoice_RipePittedLargeOlives,fiber,0.0,protein,0.0,fat,2.0,calories,25.0,carbohydrate,0.0,
55108550f7dc00b47f9fe53b,AndrewEverett_ShreddedCheeseMozzarella,fiber,0.0,protein,8.0,fat,6.0,calories,80.0,carbohydrate,1.0,
5505c0efd7f7f1a6470ad5de,Appetitos_SpicyPicklesinPretzelCoating,fiber,2.0,protein,2.0,fat,13.0,calories,210.0,carbohydrate,22.0,
52cd67b9d0eefe626b000f60,ArcherFarms_MonsterTrailMix,fiber,1.0,protein,4.0,fat,9.0,calories,170.0,carbohydrate,20.0,
54fe2c6d3b05d44e59f1c4e8,ArcherFarms_PotatoChipsGrilledCheese,fiber,1.0,protein,2.0,fat,8.0,calories,140.0,carbohydrate,17.0,
51c54cb397c3e6efadd6186a,Arnold_BreadPremiumWhiteEnriched,fiber,1.0,protein,3.0,fat,1.0,calories,90.0,carbohydrate,17.0,
556f5d86af10b73b6528b93a,BacktoNature_NantucketBlend,fiber,2.0,protein,3.0,fat,8.0,calories,130.0,carbohydrate,16.0,
51c5443d97c3e6efadd5d5c7,BarqsDiet_CremeSodaFrenchVanillaContour,fiber,0.0,protein,0.0,fat,0.0,calories,0.0,carbohydrate,0.0,
51c3ea5e97c3e6de73cb9b8a,BeechNut_ApplesBananasStage2,fiber,0.0,protein,0.0,fat,0.0,calories,60.0,carbohydrate,0.0,
51c401cc97c3e6dfa4df4099,Borden_PunchPineappleBanana,fiber,0.0,protein,0.0,fat,0.0,calories,130.0,carbohydrate,32.0,
51c5476197c3e6efadd5ee51,BossaNova_JuiceSuperfruitAcerolaWMango,fiber,1.0,protein,0.0,fat,0.0,calories,110.0,carbohydrate,27.0,
51c3ebcb97c3e6de73cba64e,BreadduJour_ItalianRolls,fiber,0.0,protein,3.0,fat,0.0,calories,90.0,carbohydrate,16.0,
51c3b6f297c3e6d8d3b446a4,BreadsmithGrocery_TraditionalEggChallah,fiber,0.0,protein,3.0,fat,1.0,calories,86.0,carbohydrate,15.0,
553c5fc5a5f3288d0dd132c6,BrewPubPizza_LotzzaMotzzaSausagePepperoniPizza,fiber,2.0,protein,23.0,fat,22.0,calories,400.0,carbohydrate,29.0,
51c3edfa97c3e6de73cbb58a,BumbleBee_RedSalmonWildAlaskaSockeye,fiber,0.0,protein,13.0,fat,7.0,calories,110.0,carbohydrate,0.0,
54de3ffd7d804f5d6b0bd4e6,BurgersSmokehouse_BaconWrappedPorkTenderloinFilet,fiber,0.0,protein,24.0,fat,20.0,calories,280.0,carbohydrate,3.0,
54da12e8fe0469812a1a0a02,Butchs_PizzaWhiteGarlic,fiber,0.5,protein,14.0,fat,19.0,calories,300.0,carbohydrate,20.0,
54fe2c2a4e9d7e6f76e3f56a,ButterBraid_BraidedPastryCherry,fiber,0.5,protein,3.0,fat,4.5,calories,150.0,carbohydrate,25.0,
546a09712bc0b27b2a676b28,ButterBraid_BraidedPastryStrawberryCreamCheese,fiber,0.5,protein,3.0,fat,5.0,calories,160.0,carbohydrate,25.0,
51c3efe397c3e6de73cbc26b,CafeCremes_CappuccinoSandwichCookies,fiber,0.0,protein,1.0,fat,8.0,calories,160.0,carbohydrate,22.0,
55e1718e4c1e6b860776fd18,CaliWater_CactusWaterwithPricklyPear,fiber,0.0,protein,0.0,fat,0.0,calories,35.0,carbohydrate,9.0,
51d2f830cc9bff111580c6bb,CaliforniaPizzaKitchenGrocery_PizzaCrispyThinCrustHawaiianRecipe,fiber,2.0,protein,18.0,fat,12.0,calories,350.0,carbohydrate,43.0,
558c7c3ff3824e0f4cc1f799,Campbells_SkilletSaucesSesameChicken,fiber,0.0,protein,1.0,fat,0.0,calories,40.0,carbohydrate,9.0,
51c3649197c3e69de4b044d0,CapeCod_PopcornPremiumWhiteCheddarfCheese,fiber,2.0,protein,4.0,fat,12.0,calories,170.0,carbohydrate,13.0,
51c3cf0f97c3e6d8d3b50070,CarbBoom_EnergyGelBananaPeach,fiber,0.0,protein,0.0,fat,0.0,calories,110.0,carbohydrate,27.0,
5557864ef22407741e5efa53,CasaCardenas_AssortedGelatin,fiber,0.0,protein,1.0,fat,0.0,calories,25.0,carbohydrate,5.0,
545a509f8c56fa5416027816,CascadePride_HoneyWheatBerryBread,fiber,2.0,protein,3.0,fat,1.0,calories,90.0,carbohydrate,17.0,
54e61dca1a6a53800e603efa,CaveMan_ChickenJerky,fiber,0.0,protein,12.0,fat,1.5,calories,60.0,carbohydrate,2.0,
54fb6d3b0fa179a75619f8e9,Cavendish_PotatoPatties,fiber,1.0,protein,1.0,fat,8.0,calories,130.0,carbohydrate,17.0,
55226d5734a170c23965eb60,ChabasoBakery_RusticCiabattaLoaf,fiber,1.0,protein,5.0,fat,0.5,calories,150.0,carbohydrate,31.0,
51c35f4497c3e69de4b01c33,ChefHans_CajunShrimpCrawfishCrabBoil,fiber,0.0,protein,0.0,fat,0.0,calories,0.0,carbohydrate,0.0,
54761f6f59752938643a8c68,ChefSolutions_BroccoliCheddarRice,fiber,1.0,protein,9.0,fat,13.0,calories,190.0,carbohydrate,10.0,
561b02c51657bb352c688bb9,ChexMix_TrailMixChocolateCaramel,fiber,1.0,protein,4.0,fat,10.0,calories,150.0,carbohydrate,12.0,
55c8b8d2df77efc05b0f8e88,ChobaniGreekYogurt_NonfatYogurtVanillaBlended,fiber,0.5,protein,13.0,fat,0.0,calories,120.0,carbohydrate,16.0,
51d37629cc9bff5553aa9292,Chobani_YogurtGreekLowFatVeryBerry,fiber,0.0,protein,8.0,fat,1.0,calories,100.0,carbohydrate,13.0,
51c3eff197c3e6de73cbc2d5,ColoraCookie_HandDecoratedMLBCookiesBostonRedSox,fiber,0.0,protein,2.0,fat,8.0,calories,220.0,carbohydrate,34.0,
51c3ee0497c3e6de73cbb5cd,CrownPrince_ShrimpBroken,fiber,0.0,protein,13.0,fat,0.0,calories,60.0,carbohydrate,0.0,
51c5478b97c3e6efadd5ef66,DeBoles_PastaOrganicSpaghettiMadeWJerusalemArtichokeFlour8Oz,fiber,1.0,protein,7.0,fat,1.0,calories,210.0,carbohydrate,43.0,
51c54a1897c3e6efadd60358,DeLaRosa_PopJumboCherryWithBubbleGumFilling,fiber,0.0,protein,0.0,fat,0.0,calories,140.0,carbohydrate,34.0,
55853b3df448376823bbedfb,Deans_MintChocolateChipIceCream,fiber,0.0,protein,2.0,fat,9.0,calories,150.0,carbohydrate,17.0,
54e753361000031d5225bd9a,Deans_TruMooChocolateLowfatMilk,fiber,0.0,protein,8.0,fat,2.5,calories,140.0,carbohydrate,20.0,
55089be82f9eb842373be0d5,DellAlpe_MuffulettaOliveSaladItalianStyle,fiber,0.0,protein,0.0,fat,14.0,calories,37.0,carbohydrate,0.5,
51d37974cc9bff5553aa9b74,Detour_EnergyBarChocolatePeanutButter,fiber,4.0,protein,12.0,fat,7.0,calories,210.0,carbohydrate,25.0,
55578538f6274ff415e61103,DivineOrganics_SunDriedWhiteMulberries,fiber,3.0,protein,3.0,fat,0.0,calories,91.0,carbohydrate,21.0,
51c36bf997c3e69de4b07e5a,DonMiguel_BurritoBeanCheese,fiber,8.0,protein,17.0,fat,14.0,calories,440.0,carbohydrate,68.0,
51d2f996cc9bff111580d05c,Dove_MilkChocolateSmoothwithCaramel,fiber,1.0,protein,2.0,fat,11.0,calories,200.0,carbohydrate,24.0,
51c38fe897c3e6d3ebc5c430,EagleBrand_MilkSweetenedCondensedLowFat,fiber,0.0,protein,3.0,fat,1.0,calories,120.0,carbohydrate,24.0,
51c3d66797c3e6d8d3b53ce2,EatSmart_KettlePopsLightCaramelGlazePrePriced,fiber,1.0,protein,0.0,fat,1.0,calories,110.0,carbohydrate,26.0,
51c3ebe397c3e6de73cba709,EccePanis_EuropeanBaguette,fiber,2.0,protein,6.0,fat,0.0,calories,180.0,carbohydrate,38.0,
51c3c9fd97c3e6d8d3b4d6f0,Edys_IceCreamPeanutButterwithPeanutButterCookiePieces,fiber,1.0,protein,4.0,fat,6.0,calories,130.0,carbohydrate,15.0,
51d2ff95cc9bff111580f85b,Eggo_PancakesChocolateChip,fiber,1.0,protein,6.0,fat,9.0,calories,270.0,carbohydrate,42.0,
55ccc836a4eaf49a73233c0f,Eilliens_AssortedLollies,fiber,0.0,protein,0.0,fat,0.0,calories,30.0,carbohydrate,7.0,
51d2fbbecc9bff111580de97,ElMexicano_BeansPinto,fiber,14.0,protein,7.0,fat,0.0,calories,60.0,carbohydrate,22.0,
51c541e397c3e6efadd5c2ff,Embasa_CarrotsInEscabeche7Oz,fiber,0.0,protein,0.0,fat,0.0,calories,15.0,carbohydrate,2.0,
528f56608c43e6311f002172,EssentialEveryday_BlendedStrawberryLowfatYogurt,fiber,0.0,protein,10.0,fat,2.5,calories,240.0,carbohydrate,45.0,
54e148396145ef8f0385ac53,EssentialEveryday_CreamCheeseSpreadGreekNonfatYogurtGreek,fiber,0.5,protein,4.0,fat,4.0,calories,60.0,carbohydrate,4.0,
51c3c01897c3e6d8d3b48c65,FairOaksFarms_MilkFatFree,fiber,0.0,protein,9.0,fat,0.0,calories,90.0,carbohydrate,13.0,
51c3f2ba97c3e6de73cbd6a1,Farmland_NaturallyHickorySmokedClassicCutBacon,fiber,0.0,protein,4.0,fat,7.0,calories,80.0,carbohydrate,0.0,
51c3728097c3e69de4b0b68b,FoodClub_FruitSaladTropical,fiber,1.0,protein,0.0,fat,0.0,calories,70.0,carbohydrate,17.0,
51c3727597c3e69de4b0b62e,FoodClub_Ziti,fiber,2.0,protein,7.0,fat,1.0,calories,200.0,carbohydrate,41.0,
557ae8e87ba850e50f3d2cc8,FoodShouldTasteGood_BrownRiceCrackersPeppercornBlend,fiber,1.0,protein,2.0,fat,3.5,calories,130.0,carbohydrate,21.0,
51c3fcb597c3e6dfa4df1a85,FoxsUBet_StrawberrySyrup,fiber,0.0,protein,1.0,fat,0.0,calories,80.0,carbohydrate,21.0,
54072cb47f1cfd9d3a07a887,FromtheFields_PorridgeHeirloomRyeRosemaryWalnutRaisin,fiber,5.0,protein,6.0,fat,2.5,calories,140.0,carbohydrate,27.0,
5516575b9c025e0c661edc31,Frys_Milk2ReducedFat,fiber,0.0,protein,8.0,fat,5.0,calories,120.0,carbohydrate,12.0,
54aa9fbe65bba1945977551c,GhirardelliChocolate_DarkMeltingWafers,fiber,2.0,protein,2.0,fat,15.0,calories,220.0,carbohydrate,23.0,
5485d6d0776d34ac74267064,Giant_CheddarCheeseTwiceBakedPotatoes,fiber,2.0,protein,4.0,fat,7.0,calories,190.0,carbohydrate,27.0,
51c3c13897c3e6d8d3b495af,Giant_CottageCheeseSmallCurd1MilkfatLowfatNoSaltAdded,fiber,0.0,protein,13.0,fat,1.0,calories,85.0,carbohydrate,5.0,
555108a67ce194cc23122f52,Giant_FrenchArtisanRolls,fiber,1.0,protein,4.0,fat,0.0,calories,140.0,carbohydrate,28.0,
5566937da431eb610e1af4f2,Gilda_MiniToasts,fiber,1.0,protein,2.0,fat,2.0,calories,68.0,carbohydrate,11.0,
52a637773498622d6c00d7a1,GiuseppeAlbertiGrocery_BeneventoCroccantinoAlloStregaChocolateyCoveredHazelnuts,fiber,2.0,protein,2.0,fat,12.0,calories,210.0,carbohydrate,22.0,
54c1470775703ff96a533c7d,GoLite_PoppedChipsSweetMauiOnion,fiber,1.0,protein,0.0,fat,3.5,calories,140.0,carbohydrate,28.0,
54f5b660ba1c053b3fa802bd,GoldEmblem_LuxuryWafers,fiber,1.0,protein,1.0,fat,4.5,calories,130.0,carbohydrate,22.0,
5531b2a1a168e8d670d0f8d4,GoodSense_BestFiberPowderFiberSupplement,fiber,3.0,protein,0.0,fat,0.0,calories,15.0,carbohydrate,4.0,
55d4248431e6210b0a31530b,GoodSense_DriedCherriesGlazedWalnuts,fiber,2.0,protein,2.0,fat,8.0,calories,140.0,carbohydrate,16.0,
53fde028852aa5123bb6dcd0,Goodbites_RawChocolateTruffle,fiber,7.0,protein,8.0,fat,10.0,calories,200.0,carbohydrate,20.0,
51d2fd24cc9bff111580e826,Goya_EmpanadasBeef,fiber,2.0,protein,11.0,fat,12.0,calories,380.0,carbohydrate,58.0,
5541df0bf796046c4f223b8e,GreatValue_BeefBurgers,fiber,0.0,protein,19.0,fat,23.0,calories,290.0,carbohydrate,0.0,
52b658832dedad540e00531c,GreatValue_FudgeDoubleFilledTwistShoutSandwichCookies,fiber,0.5,protein,1.0,fat,6.0,calories,140.0,carbohydrate,21.0,
51c5426a97c3e6efadd5c73d,GreatValue_RedWineVinegar,fiber,0.0,protein,0.0,fat,0.0,calories,0.0,carbohydrate,0.0,
51c3d8b297c3e6d8d3b55071,GreatValue_SoupCondensedVegetarianVegetable,fiber,2.0,protein,2.0,fat,0.0,calories,90.0,carbohydrate,19.0,
51c3641297c3e69de4b040d6,GreenGiant_SteamersBasilVegetableMedley,fiber,2.0,protein,2.0,fat,0.5,calories,45.0,carbohydrate,10.0,
5557bd56f6274ff415e6130c,HKAnderson_PretzelThinsGarlicParmesan,fiber,1.0,protein,3.0,fat,2.5,calories,120.0,carbohydrate,21.0,
558d9556c375fbae0f93c927,Hannaford_BuffaloStyleChickenStrips,fiber,0.0,protein,13.0,fat,11.0,calories,200.0,carbohydrate,11.0,
51c3d56997c3e6d8d3b53524,Hannaford_OrangeJuice,fiber,0.0,protein,1.0,fat,0.0,calories,110.0,carbohydrate,27.0,
5464c713a9ffad0169a89b20,Hanover_BakedBeans,fiber,6.0,protein,6.0,fat,0.0,calories,130.0,carbohydrate,25.0,
51c3cc3097c3e6d8d3b4e90e,Hansens_SmoothieTropicalPassion,fiber,0.0,protein,0.0,fat,0.0,calories,120.0,carbohydrate,29.0,
51c3d85897c3e6d8d3b54d66,HerbOx_BouillonCubesChickenFlavor,fiber,0.0,protein,0.0,fat,0.0,calories,5.0,carbohydrate,0.0,
5538875b43a4145306cef38f,HeritageFarm_Bologna,fiber,0.0,protein,4.0,fat,13.0,calories,150.0,carbohydrate,5.0,
51c53e3497c3e6efadd5a5b7,Herrs_PotatoChipsFiremansBBQChicken,fiber,1.0,protein,3.0,fat,16.0,calories,270.0,carbohydrate,30.0,
51c401df97c3e6dfa4df412b,HighCountryKombucha_KombuchaElderberryHibiscus,fiber,0.0,protein,0.0,fat,0.0,calories,15.0,carbohydrate,3.0,
545ce6c690529ba36e4e1e1e,HighLiner_BasilPestoCod,fiber,0.0,protein,28.0,fat,6.0,calories,180.0,carbohydrate,1.0,
54f49d09c33580d14fe972ce,HillCountryFare_HoneySweetCornBread,fiber,0.5,protein,2.0,fat,3.0,calories,130.0,carbohydrate,23.0,
51c549c597c3e6efadd600b1,HomeDairies_CoffeeCreamerCinnamonVanillaLactoseFree,fiber,0.0,protein,0.0,fat,1.0,calories,30.0,carbohydrate,5.0,
51c3f19597c3e6de73cbce73,HorizonOrganic_OrganicYogurtWholeMilkVanilla,fiber,1.0,protein,8.0,fat,6.0,calories,220.0,carbohydrate,32.0,
51c3741f97c3e69de4b0c43b,Hormel_ChickenWhiteDarkInWater,fiber,0.0,protein,10.0,fat,3.0,calories,70.0,carbohydrate,0.0,
51c5435b97c3e6efadd5ce99,Hormel_FranksWranglersCoarseGroundCheeseSmoked,fiber,0.0,protein,7.0,fat,15.0,calories,170.0,carbohydrate,1.0,
51c4025597c3e6dfa4df44ca,Hostess_DingDongs,fiber,1.0,protein,2.0,fat,19.0,calories,360.0,carbohydrate,47.0,
51c3ef6d97c3e6de73cbbefb,HurricaneBay_SouthwesternMarinade,fiber,0.0,protein,0.0,fat,0.0,calories,47.0,carbohydrate,12.0,
55f0808f5a06cff62e0d8b80,HyVee_SimmerSauceButterChicken,fiber,2.0,protein,2.0,fat,9.0,calories,140.0,carbohydrate,13.0,
54bcc5dd4f94662447fdf569,IslandPrincess_LightlySaltedMacadamiaNuts,fiber,1.0,protein,1.0,fat,11.0,calories,110.0,carbohydrate,2.0,
51d2fdb0cc9bff111580ebd8,JellO_ReducedCaloriePuddingPieFillingChocolate,fiber,0.5,protein,0.5,fat,0.0,calories,30.0,carbohydrate,7.0,
55275eb04dc5e9ff44b3382b,JennysCuisine_ChocolateCakes,fiber,5.0,protein,5.0,fat,3.0,calories,160.0,carbohydrate,28.0,
51d2fb56cc9bff111580dbe0,JuicyJuice_100JuiceApple,fiber,0.0,protein,0.0,fat,0.0,calories,110.0,carbohydrate,28.0,
51c53ecd97c3e6efadd5aa99,Keebler_SimplyMadeCookiesButter,fiber,0.0,protein,1.0,fat,7.0,calories,140.0,carbohydrate,18.0,
553bd4071c0097d62ef82121,KelloggsEggo_WafflesWholeGrain,fiber,3.0,protein,5.0,fat,2.5,calories,140.0,carbohydrate,27.0,
54bedbdabb3b1f112145333a,Kemps_FatFreeSkimMilk,fiber,0.0,protein,9.0,fat,0.0,calories,90.0,carbohydrate,13.0,
51d37f01cc9bff5553aaa960,Kevita_SparklingProbioticDrinkCoconut,fiber,0.0,protein,0.0,fat,0.0,calories,5.0,carbohydrate,1.0,
51c364e297c3e69de4b04742,Kraft_CheeseItalianThreeCheese,fiber,0.0,protein,7.0,fat,5.0,calories,80.0,carbohydrate,0.0,
55e6630de32eb37f7ac4b265,LaDuena_MedallonesPoblanos,fiber,2.5,protein,4.0,fat,22.0,calories,370.0,carbohydrate,32.0,
51c3644497c3e69de4b0425d,LaMexicanaGrocery_SalsaOriginalGourmetMild,fiber,0.0,protein,0.0,fat,0.0,calories,10.0,carbohydrate,0.0,
51d2fc75cc9bff111580e3b0,LaPreferida_KidneyBeansLightRed,fiber,7.0,protein,8.0,fat,1.0,calories,120.0,carbohydrate,21.0,
5519db827e0a3a0f4e6f31eb,LabradaNutrition_LeanBodyStrawberriesCream,fiber,5.0,protein,40.0,fat,9.0,calories,260.0,carbohydrate,9.0,
5568a873dab661451562e70f,Lancaster_SoftCremesButterscotchCaramel,fiber,0.0,protein,1.0,fat,7.0,calories,180.0,carbohydrate,30.0,
51c3bd1b97c3e6d8d3b47491,LeaPerrins_MarinadeinABagCrackedPeppercorn,fiber,0.0,protein,0.0,fat,0.0,calories,15.0,carbohydrate,4.0,
551cef1cb2bfc1d23ea5e3bd,Libbys_CornWholeKernelSweet,fiber,2.0,protein,2.0,fat,1.5,calories,60.0,carbohydrate,9.0,
550712791da242fd1ec75b55,LindtLindor_MilkChocolateTrufflesMilkandWhite,fiber,0.5,protein,2.0,fat,18.0,calories,230.0,carbohydrate,15.0,
55112da3760d403b50ba3ecf,LowesFoods_ShreddedCheeseMildCheddar,fiber,0.0,protein,7.0,fat,9.0,calories,110.0,carbohydrate,2.0,
51c365e197c3e69de4b04ea7,Lucerne_SmoothieLightStrawberry,fiber,6.0,protein,10.0,fat,0.0,calories,130.0,carbohydrate,26.0,
55ba1a6723f18b7e4898de51,Lucerne_SourCreamLight,fiber,0.0,protein,1.0,fat,2.0,calories,35.0,carbohydrate,3.0,
548f0bdfe1928e5266156723,MMMeatShops_StuffedHamandSwissChickenBurgers,fiber,1.0,protein,33.0,fat,17.0,calories,290.0,carbohydrate,1.0,
552234e367d7579618d9c925,Mantova_PestoAllaGenovese,fiber,0.0,protein,1.0,fat,13.0,calories,130.0,carbohydrate,2.0,
51c3f6d297c3e6de73cbeb3c,MarieCallendersGrocery_BlackberryCobbler,fiber,3.0,protein,3.0,fat,19.0,calories,330.0,carbohydrate,39.0,
51c3c63097c3e6d8d3b4bc8c,MarketDay_MiniOmeletswithReducedFatCheese,fiber,0.0,protein,7.0,fat,2.0,calories,60.0,carbohydrate,2.0,
551a3052abb7a227746ecc6a,MarketPantry_100PureSqueezedOrangeJuice,fiber,0.0,protein,2.0,fat,0.0,calories,110.0,carbohydrate,27.0,
51c3c94a97c3e6d8d3b4d151,MarketPantry_FruitFlavoredSnacksMixedFruit,fiber,0.0,protein,1.0,fat,0.0,calories,80.0,carbohydrate,19.0,
55097d0bb175cd8a2b5c7a1e,MarketPantry_PruneJuice,fiber,2.0,protein,1.0,fat,0.0,calories,180.0,carbohydrate,42.0,
51c5476497c3e6efadd5ee62,Marketside_DressingSesameGingerDressingAllNatural,fiber,0.0,protein,0.0,fat,8.0,calories,100.0,carbohydrate,7.0,
54efffe5f835ee19626db8cb,Martins_1LowfatMilk,fiber,0.0,protein,8.0,fat,2.5,calories,100.0,carbohydrate,11.0,
51c3ce6f97c3e6d8d3b4fb29,Mateos_GourmetSalsaVerdeMedium,fiber,1.0,protein,0.0,fat,0.0,calories,10.0,carbohydrate,2.0,
51c3f5c497c3e6de73cbe9ed,McCormick_MesquiteMarinade,fiber,0.0,protein,0.0,fat,0.0,calories,10.0,carbohydrate,2.0,
551cefb9c66514eb0b4a41fb,McCutcheons_AppleButter,fiber,0.0,protein,0.0,fat,0.0,calories,30.0,carbohydrate,8.0,
54748895cabbc1f8661c06ee,MediWEightloss_MapleBrownSugarOatmeal,fiber,2.0,protein,14.0,fat,1.0,calories,100.0,carbohydrate,9.0,
5534fe805dee4c3e21c0636a,MedicalWeightLossClinic_FruitDrinkMixedBerry,fiber,0.0,protein,12.0,fat,0.0,calories,60.0,carbohydrate,1.0,
54f52a118001e26807e3e59f,MeijerOrganics_ExtraVirginOliveOil,fiber,0.0,protein,0.0,fat,14.0,calories,120.0,carbohydrate,0.0,
54f6974937382cb131262e9f,Meijer_BalsamicVinaigrette,fiber,0.0,protein,0.0,fat,10.0,calories,100.0,carbohydrate,2.0,
51c37bca97c3e6d272824d94,Meijer_CottageCheeseLargeCurd4MilkfatMin,fiber,0.0,protein,13.0,fat,5.0,calories,110.0,carbohydrate,4.0,
51c3e9ef97c3e6de73cb9a40,MidwestCountryFare_TomatoesWholePeeled,fiber,1.0,protein,1.0,fat,0.0,calories,25.0,carbohydrate,5.0,
5596d1f1693d7e7a0196f266,Monster_EnergyDrinkAbsolutelyZero,fiber,0.0,protein,0.0,fat,0.0,calories,0.0,carbohydrate,2.0,
5550ec994619d01249e45b36,Montchevre_GoatMilkFetaCrumbled,fiber,0.0,protein,4.0,fat,6.0,calories,70.0,carbohydrate,1.0,
555f35eead9689787a893bb8,MorningFreshFarms_FancyShreddedNaturalCheeseSharpCheddar,fiber,0.0,protein,7.0,fat,6.0,calories,80.0,carbohydrate,1.0,
51c3f8fc97c3e6dfa4deff9a,MrsBudds_WhiteMeatChickenPiewithBroccoliCarrotsandPearlOnions,fiber,2.0,protein,12.0,fat,16.0,calories,310.0,carbohydrate,30.0,
54fdbc040ff3284f1acc5199,MuMuMuesli_CerealFlaxSeedsDatesAlmondsRaisinsCranberriesCoconut,fiber,8.0,protein,7.0,fat,6.0,calories,210.0,carbohydrate,34.0,
551f767a54c77bfa51ec9dad,MuscoFamilyOliveCo_PittedCaliforniaRipeOlives,fiber,0.0,protein,0.0,fat,2.0,calories,25.0,carbohydrate,1.0,
54f956d311a47717226b63fc,MyEssentials_ChunkLightTuna,fiber,0.0,protein,13.0,fat,0.5,calories,50.0,carbohydrate,0.0,
51c548ee97c3e6efadd5fa2a,Nalley_BreadButterPicklesSweetSlightlyTangy,fiber,0.0,protein,0.0,fat,0.0,calories,35.0,carbohydrate,9.0,
51c36afc97c3e69de4b07667,Nasoya_VegiDressingCreamyDill,fiber,0.0,protein,0.0,fat,7.0,calories,70.0,carbohydrate,1.0,
51d379f3cc9bff5553aa9ca2,NaturesOwn_OatmealToastersCranberryOrange,fiber,4.0,protein,5.0,fat,1.0,calories,160.0,carbohydrate,35.0,
51c3ec3497c3e6de73cba8ff,NaturesOwn_SandwichRounds100WholeGrain,fiber,5.0,protein,5.0,fat,1.0,calories,100.0,carbohydrate,20.0,
54ca652976a774671dab18f0,NestleDolcetto_FrozenDessertCakeVanillaChocolateAllure,fiber,0.0,protein,1.0,fat,5.0,calories,90.0,carbohydrate,9.0,
51d2f9c8cc9bff111580d1c6,NewYorkStyle_BagelCrispsRoastedGarlic,fiber,1.0,protein,3.0,fat,4.5,calories,120.0,carbohydrate,18.0,
54e20d1ef66ebbec41282f00,Nice_CashewsHalvesPiecesRoasted,fiber,0.5,protein,5.0,fat,14.0,calories,190.0,carbohydrate,9.0,
55a8db384c9567744848e3cf,Nice_ChickenWingsSrirachaGlazed,fiber,0.0,protein,14.0,fat,10.0,calories,170.0,carbohydrate,5.0,
51c36dcf97c3e69de4b08dab,Oberto_PorkJerkyBBQSeasoned,fiber,0.0,protein,10.0,fat,1.0,calories,80.0,carbohydrate,8.0,
51c36da097c3e69de4b08c40,OhBoyOberto_BeefJerkyTeriyaki,fiber,0.0,protein,19.0,fat,1.0,calories,130.0,carbohydrate,12.0,
54ef3b62e620eb092cdbb7e0,OldOakFarms_MichiganRussetPotatoes,fiber,2.0,protein,3.0,fat,0.0,calories,110.0,carbohydrate,26.0,
546a0936eda64c0d62056475,Optimum_100WheyProtein,fiber,0.0,protein,24.0,fat,1.5,calories,120.0,carbohydrate,3.0,
51c3e9f397c3e6de73cb9a63,OurFamily_TomatoesStewedItalian,fiber,1.0,protein,1.0,fat,0.0,calories,35.0,carbohydrate,8.0,
54fcf6b435367ad15414c8f8,ParentsChoice_SqueezableFruitAppleCherryPear,fiber,2.0,protein,0.5,fat,0.0,calories,100.0,carbohydrate,22.0,
51c3c75c97c3e6d8d3b4c40e,PastaFactory_TriColorCheeseTortellini,fiber,0.0,protein,11.0,fat,6.0,calories,260.0,carbohydrate,41.0,
51d2f8f0cc9bff111580cbdb,PepperidgeFarm_CookieCollectionHolidayHomestyle,fiber,1.0,protein,2.0,fat,7.0,calories,160.0,carbohydrate,22.0,
51c364ca97c3e69de4b04698,Philadelphia_SpreadableCheeseParmesanWithGarlicHerbs,fiber,0.0,protein,2.0,fat,9.0,calories,90.0,carbohydrate,1.0,
559ff010a54279862af8abe7,Pompeian_InfusedBalsamicVinegar,fiber,0.0,protein,0.0,fat,0.0,calories,10.0,carbohydrate,3.0,
54072c14a67cfab13a61a59c,PopcornIndiana_AgedWhiteCheddarPopcorn,fiber,2.0,protein,3.0,fat,9.0,calories,150.0,carbohydrate,14.0,
5522c29a1b191740659ac725,Popcornopolis_PopcornAlmondCaramel,fiber,0.5,protein,0.5,fat,7.0,calories,140.0,carbohydrate,19.0,
51c373f897c3e69de4b0c327,PotatoFinger_PotatoChipsLightlySalted,fiber,0.0,protein,2.0,fat,9.0,calories,150.0,carbohydrate,16.0,
54c7de87a2ba011e6faf50e7,PresidentsChoice_BurgersBison,fiber,1.0,protein,22.0,fat,18.0,calories,260.0,carbohydrate,2.0,
551b11461728185b403f4f59,PressedJuicery_JuiceBeverageAppleLemonGingerCayennePepper,fiber,2.0,protein,1.0,fat,0.0,calories,110.0,carbohydrate,27.0,
52cd677b9d9d726f6c00106e,PrivateSelection_ShortbreadTartletShells,fiber,0.0,protein,2.0,fat,6.0,calories,120.0,carbohydrate,15.0,
54ffb608a01741104ab54be9,PrivateSelection_SwissBarMilkChocolatewithGroundHazelnuts,fiber,0.5,protein,3.0,fat,14.0,calories,220.0,carbohydrate,21.0,
51d37e1acc9bff5553aaa73d,ProBar_BarKokaMoka,fiber,6.0,protein,9.0,fat,18.0,calories,360.0,carbohydrate,46.0,
54f5b6c66d947d10506cf2b1,Profile_SweetStrawberrySmoothie,fiber,0.0,protein,15.0,fat,1.0,calories,100.0,carbohydrate,7.0,
55918e2703a3191618fae46f,RainbowAcresNaturalFood_PeanutButterPowder,fiber,2.0,protein,5.0,fat,1.5,calories,45.0,carbohydrate,5.0,
51c3744797c3e69de4b0c580,RaisinBran_RaisinBran,fiber,5.0,protein,3.0,fat,1.0,calories,140.0,carbohydrate,34.0,
55d85136fa82eaa458347291,Raleys_MiniLemonBundtCake,fiber,0.0,protein,4.0,fat,9.0,calories,210.0,carbohydrate,28.0,
5460edc48e3df2917ff633be,Rana_RavioliChickenRosemary,fiber,1.0,protein,16.0,fat,11.0,calories,290.0,carbohydrate,26.0,
51c3d1bb97c3e6d8d3b516dc,RedIsland_OliveOilExtraVirginColdPressedBreadSalads,fiber,0.0,protein,0.0,fat,14.0,calories,130.0,carbohydrate,0.0,
51c541e897c3e6efadd5c323,Reese_TroutGoldenSmokedFillets375Oz,fiber,0.0,protein,20.0,fat,12.0,calories,180.0,carbohydrate,0.0,
51c3d01797c3e6d8d3b5091e,Resource_MedicalFoodNutritionalFormulawithFiberforChildren110YearsFrenchVanilla,fiber,1.0,protein,7.0,fat,11.0,calories,237.0,carbohydrate,26.0,
55089beb2f9eb842373be0d6,RiceDream_EnrichieVanille,fiber,0.0,protein,0.4,fat,2.5,calories,140.0,carbohydrate,29.0,
51d37a47cc9bff5553aa9e43,Rockstar_EnergyDrink,fiber,0.0,protein,0.0,fat,0.0,calories,10.0,carbohydrate,0.0,
51c3b78897c3e6d8d3b44b41,RomaBakery_HoneyWheatNuggetBread,fiber,2.0,protein,5.0,fat,2.0,calories,150.0,carbohydrate,29.0,
552a3a23b23e3c5b173089d5,RomanBrand_RicottaLasagna,fiber,3.0,protein,15.0,fat,12.0,calories,300.0,carbohydrate,32.0,
51c3d32d97c3e6d8d3b52305,Ronzoni_Linguine17,fiber,2.0,protein,7.0,fat,1.0,calories,210.0,carbohydrate,42.0,
51c3c0d497c3e6d8d3b49267,RosenbergersDairies_Milk2ReducedFatVitaminDAdded,fiber,0.0,protein,8.0,fat,5.0,calories,130.0,carbohydrate,13.0,
51c3c77297c3e6d8d3b4c4ab,Rosina_Meatballs,fiber,4.0,protein,16.0,fat,23.0,calories,270.0,carbohydrate,6.0,
5480732080f3a5212a291427,Rozzana_OrganicButternutSquashRavioli,fiber,2.0,protein,8.0,fat,2.5,calories,210.0,carbohydrate,38.0,
5524f4aac8c4d9232bc36b37,RudysFarm_SausageBiscuits,fiber,1.0,protein,7.0,fat,19.0,calories,280.0,carbohydrate,21.0,
51c3d27397c3e6d8d3b51cc9,SB_SaucewithVegetablesGoldenCurryHot,fiber,3.0,protein,3.0,fat,15.0,calories,240.0,carbohydrate,25.0,
51c366bc97c3e69de4b0548c,SafewayKitchens_ChickenKiev,fiber,1.0,protein,20.0,fat,21.0,calories,360.0,carbohydrate,24.0,
51c3d1bf97c3e6d8d3b516fa,SaluteSante_GrapeseedOil,fiber,0.0,protein,0.0,fat,14.0,calories,120.0,carbohydrate,0.0,
54bae75aa240d490731896da,SamsChoice_AllNaturalChocolateIceCream,fiber,0.0,protein,5.0,fat,16.0,calories,260.0,carbohydrate,27.0,
552e4aaab9cfee870d27bbd7,Sanders_DarkChocolateAlmonds,fiber,4.0,protein,4.0,fat,16.0,calories,210.0,carbohydrate,19.0,
51c3645a97c3e69de4b0430e,Schiff_BarAppleCinnamonYogurt,fiber,2.0,protein,15.0,fat,6.0,calories,270.0,carbohydrate,41.0,
54e2998b15111ec8709e7d72,SchwansButchersCut_USDAChoiceTopSirloinSteak,fiber,0.0,protein,36.0,fat,23.0,calories,360.0,carbohydrate,0.0,
51c3ee1a97c3e6de73cbb681,Season_SkinlessBonelessSardinesinWater,fiber,0.0,protein,24.0,fat,8.0,calories,160.0,carbohydrate,0.0,
51c5405897c3e6efadd5b6c9,SensationalSides_BakedScallopedPotatoesSensationalSides,fiber,2.0,protein,6.0,fat,12.0,calories,210.0,carbohydrate,20.0,
51c3d1d097c3e6d8d3b51794,Shaws_CookingSprayVegetableOil,fiber,0.0,protein,0.0,fat,0.0,calories,0.0,carbohydrate,0.0,
51c37afc97c3e6d272824755,ShopRite_PorkRollMildHickorySmokedSlices,fiber,0.0,protein,6.0,fat,11.0,calories,130.0,carbohydrate,1.0,
51c38f5d97c3e6d3d972f08a,Similac_FormulaSoyforDiarrheaReadytoFeed,fiber,0.0,protein,3.0,fat,0.0,calories,100.0,carbohydrate,0.0,
546a0899eda64c0d62056428,SimplyToGo_CheeseGrapesSnack,fiber,0.0,protein,15.0,fat,19.0,calories,270.0,carbohydrate,11.0,
51c3ba4c97c3e6d8d3b4606c,SnakClub_CandyAssortedFruitSnackSize,fiber,0.0,protein,0.0,fat,0.0,calories,60.0,carbohydrate,15.0,
5539f5cbcdbef3312fd5c462,Spartan_ShreddedMozzarellaCheese,fiber,0.0,protein,7.0,fat,6.0,calories,90.0,carbohydrate,1.0,
551c0e1464a32c8a2d3a1065,SproutFarmersMarket_OrganicYellowClingSlicedPeaches,fiber,0.0,protein,0.0,fat,0.0,calories,50.0,carbohydrate,12.0,
5527cf5a15e511601d31f51d,StaterBros_WheatRolls,fiber,1.0,protein,2.0,fat,1.0,calories,70.0,carbohydrate,13.0,
556540ff5d613c9d5f5935a9,Stewarts_PremiumDarkChocolatewithMintCookieCrunch,fiber,3.0,protein,3.0,fat,18.0,calories,280.0,carbohydrate,34.0,
51c540d597c3e6efadd5ba77,StoneMountain_ChiliBeans,fiber,5.0,protein,3.0,fat,0.0,calories,90.0,carbohydrate,19.0,
54a2c47f33ef904844b30836,SunMaid_TrailMixPremiumCookies,fiber,0.5,protein,2.0,fat,6.0,calories,120.0,carbohydrate,16.0,
51c54ca197c3e6efadd617e7,Sunbeam_BreadSmall,fiber,1.0,protein,4.0,fat,1.0,calories,110.0,carbohydrate,23.0,
55d37b80014f8d8a46f9928e,SupremoItaliano_Pepperoncini,fiber,1.0,protein,0.0,fat,0.0,calories,10.0,carbohydrate,0.0,
51c3d46997c3e6d8d3b52d54,Swanson_ChickenBreastWhitePremiumChunkinWater,fiber,0.0,protein,13.0,fat,1.0,calories,70.0,carbohydrate,2.0,
5571ae48b1bfe02f228bf054,TGIFridays_HappyHourSnackMixCheddarBacon,fiber,2.0,protein,3.0,fat,7.0,calories,140.0,carbohydrate,15.0,
51c3714997c3e69de4b0ac4d,TasteTations_HardCandiesChocolate,fiber,0.0,protein,0.0,fat,1.0,calories,60.0,carbohydrate,12.0,
54efe40ac61cb7fa6ed61da5,TasteofInspirations_NonfatGreekYogurtClassicCherryFruitontheBottom,fiber,0.5,protein,12.0,fat,0.0,calories,120.0,carbohydrate,20.0,
52b7bdacd4a4ee243a00080c,TexasPete_KickinSweetPotatoFriesStraightCut,fiber,4.0,protein,2.0,fat,6.0,calories,140.0,carbohydrate,19.0,
51c3668e97c3e69de4b05340,TheDeliCounter_TurkeyBreastOvenRoastedShavedwithBroth,fiber,0.0,protein,10.0,fat,0.0,calories,50.0,carbohydrate,1.0,
550cc8a164b190d529519534,ThePurePantry_PancakeandBakingMixOrganicBuckwheatFlax,fiber,6.0,protein,5.0,fat,4.0,calories,110.0,carbohydrate,23.0,
51d3000dcc9bff111580fb4b,Thomas_MiniBagelsPlain,fiber,0.5,protein,4.0,fat,1.0,calories,120.0,carbohydrate,24.0,
51c543ba97c3e6efadd5d19d,Tinkyada_BrownRice14OzPasta,fiber,2.0,protein,4.0,fat,2.0,calories,210.0,carbohydrate,43.0,
558817ee959361a7172204fd,Tofurky_MeatlessKielbasaMeatFree,fiber,1.0,protein,26.0,fat,12.0,calories,240.0,carbohydrate,8.0,
550b77390c86b75d4312d5cf,Tops_LightCream,fiber,0.0,protein,0.0,fat,2.5,calories,25.0,carbohydrate,1.0,
51c53db597c3e6efadd5a22f,Tostitos_TortillaChipsThickHeartyRounds,fiber,1.0,protein,2.0,fat,6.0,calories,140.0,carbohydrate,19.0,
51c35ecb97c3e69de4b0185c,Trident_GumSugarFreeCoolRush,fiber,0.0,protein,0.0,fat,0.0,calories,5.0,carbohydrate,2.0,
5512efbfb4cb348022279e82,Trident_LayersSugarFreeGumJellyBean,fiber,0.0,protein,0.0,fat,0.0,calories,2.5,carbohydrate,2.0,
51c4058897c3e6dfa4df5ba6,TruittBrothers_GarbanzoBeans,fiber,6.0,protein,7.0,fat,2.0,calories,120.0,carbohydrate,21.0,
55dcb7f72583292d434c020e,Unknown_BagelsMultigrain,fiber,4.0,protein,11.0,fat,3.0,calories,290.0,carbohydrate,57.0,
55578545507a5ec8205bd6bd,Unknown_HazelnutButterBlendChocolate,fiber,3.0,protein,4.0,fat,15.0,calories,180.0,carbohydrate,12.0,
55809f55f68876652aad365d,Usana_NutrimealNutritiousMealReplacementShakeFrenchVanilla,fiber,8.0,protein,15.0,fat,7.0,calories,240.0,carbohydrate,35.0,
51c3640397c3e69de4b04066,VandeKamps_CrispyHalibutFilletsGoldenBattered,fiber,0.0,protein,11.0,fat,12.0,calories,240.0,carbohydrate,22.0,
54ede9b4b682a26b696e390a,Vigo_AuthenticRedBeansRice,fiber,4.0,protein,7.0,fat,1.0,calories,190.0,carbohydrate,40.0,
51c3f93c97c3e6dfa4df017c,Wegmans_PierogiesSpinachFetaCheeseClubPack,fiber,3.0,protein,8.0,fat,7.0,calories,310.0,carbohydrate,54.0,
51c3b98b97c3e6d8d3b45a71,Wegmans_SwissCrepesAssorted,fiber,0.0,protein,2.0,fat,9.0,calories,160.0,carbohydrate,19.0,
51d37e59cc9bff5553aaa824,WeightWatchers_DoubleChocolateMuffin,fiber,6.0,protein,3.0,fat,3.0,calories,160.0,carbohydrate,35.0,
5330427213fd415e0889de16,Welchs_FrozenSmoothieKitBlueberryCherryBlend,fiber,2.0,protein,2.0,fat,1.0,calories,80.0,carbohydrate,16.0,
5568fd167ba1bdd7399a1b6a,Welchs_FruitnYogurtSnacksBlueberry,fiber,0.0,protein,0.5,fat,2.0,calories,100.0,carbohydrate,22.0,
51c3612c97c3e69de4b02834,WesternFamily_AppleJuicefromConcentratewithAddedVitaminC,fiber,0.0,protein,0.0,fat,0.0,calories,110.0,carbohydrate,28.0,
5505dcc077b7c8f122a48282,WholesomeGoodness_TuxedoSnackMix,fiber,3.0,protein,5.0,fat,11.0,calories,185.0,carbohydrate,17.0,
55deeb3d37ebf06938afd21c,WindmillFarmsGrainGarden_RedRaspberryJam,fiber,0.0,protein,0.0,fat,0.0,calories,50.0,carbohydrate,13.0,
51d2fc05cc9bff111580e07f,WolfgangPuck_SoupOrganicSignatureTortilla,fiber,6.0,protein,5.0,fat,3.0,calories,140.0,carbohydrate,21.0,
5516ac506f8a817858c21973,WoodenShoeCheeseCo_ShreddedMozzarellaCheese,fiber,0.0,protein,7.0,fat,6.0,calories,80.0,carbohydrate,0.0,
52e7e01ae463807a5c000444,WorldHarbors_IslandMangoMarinadeSweetandTangy,fiber,0.0,protein,0.0,fat,0.0,calories,25.0,carbohydrate,7.0,
55806622970e3b40405abbc7,Yoplait_GreekYogurtLemon,fiber,0.0,protein,10.0,fat,0.0,calories,100.0,carbohydrate,14.0,
550f88511f5f82cb1e2c2507,Zoglos_HotDogsSavoryMeatlessFranks,fiber,2.0,protein,11.0,fat,8.0,calories,120.0,carbohydrate,7.0,
51c3cc3d97c3e6d8d3b4e97a,jamminNectars_RazzAde,fiber,1.0,protein,1.0,fat,0.0,calories,89.0,carbohydrate,21.0,
